{
    "ActionSound": "",
    "AutoUnlock":true,
    "Cards": [
        "{\n    \"UnitsInDeck\": 2,\n    \"Card\": \"healingrain\"\n}",
        "{\n    \"UnitsInDeck\": 4,\n    \"Card\": \"lightningstrike\"\n}",
        "{\n    \"UnitsInDeck\": 3,\n    \"Card\": \"zap\"\n}",
        "{\n    \"UnitsInDeck\": 2,\n    \"Card\": \"heal\"\n}",
        "{\n    \"UnitsInDeck\": 2,\n    \"Card\": \"aquavitae\"\n}",
        "{\n    \"UnitsInDeck\": 1,\n    \"Card\": \"prayerofhealing\"\n}",
        "{\n    \"UnitsInDeck\": 1,\n    \"Card\": \"ulfvitrhealingstream\"\n}"
    ],
    "ChallengePack0": "saint",
    "ChallengePack1": "shaman",
    "ChallengePack2": "aeromancer",
    "ChallengePack3": "tempest",
    "ChallengePack4": "enchanter",
    "ChallengePack5": "protector",
    "ChallengePack6": "saint",
    "CharacterDescription": "Ulfvitr trudged through the misty forests of Senenthia, his old bones aching with each step. Something was off - he could smell it in the air, feel it in the earth beneath his paws. The Wise Wolf had seen many moons, but this... this was different. With a low growl, he pressed on, determined to root out whatever darkness had taken hold in his beloved lands. \n Years ago, during the bloody Wolf Wars, Ulfvitr had crossed paths with Gorio, a rival shaman with an uncanny ability to bend wolves to his will. Their clash of ideologies came to a head when Gorio, driven by a lust for power, managed to capture Ulfvitr using forbidden rituals. Though Ulfvitr eventually broke free, the encounter left both physical and spiritual scars. Now, as storm clouds gathered overhead, the old werewolf wondered what shadow now looms over Senenthia.",
    "CharacterDescriptionStrength": "Shaman that wields the power of storms to aid his allies and vanquish his enemies.",
    "CharacterName": "Ulfvitr",
    "Energy": 1,
    "EnergyTurn": 3,
    "Female": false,
    "FluffOffsetX": 0.0,
    "FluffOffsetY": 3.4000000953674318,
    "HeroClass": "Healer",
    "HeroClassSecondary": "Mage",
    "HitSound": "Beast Hit 1caster",
    "HP": 76,
    "InitialUnlock":true,
    "ID": "stormshaman",
    "Item": "signetring",
    "MaxHP": [
        0,
        5,
        5,
        5,
        5
    ],
    "OrderInList": 4,
    "ResistSlashing": 5,
    "ResistBlunt": 0,
    "ResistPiercing": 5,
    "ResistFire": 0,
    "ResistCold": 10,
    "ResistLightning": 15,
    "ResistHoly": 15,
    "ResistShadow": 10,
    "ResistMind": 10,
    "Speed": 11,
    "SpriteBorderLocked": "GorioLocked",
    "StickerBase": "",
    "StickerAngry": "",
    "StickerIndifferent": "",
    "StickerLove": "",
    "StickerSurprise": "",
    "StickerOffsetX": 0.10000000149011612,
    "SubclassName": "StormShaman",
    "Trait0": "ulfvitrcalltherain",
    "Trait1A": "ulfvitrstormchanneler",
    "Trait1B": "ulfvitrwatersoflife",
    "Trait2A": "ulfvitrmagnet",
    "Trait2B": "ulfvitrregenerator",
    "Trait3A": "ulfvitrelectriccurrent",
    "Trait3B": "ulfvitrtearsofthespirits",
    "Trait4A": "ulfvitrconductor",
    "Trait4B": "ulfvitrlifebloom"
}